cv_fold,sme_cder_aps
1,0.9634887226716312
2,0.7674162328243942
3,0.7799710850254248
4,0.8261802713433427
5,0.9076303860424046
