cv_fold,all_sme_aps
1,0.9591224201909946
2,0.7481067371370836
3,0.7842010025898756
4,0.7975323478676086
5,0.9172093734625701
